한글명,IATA코드,국가명_영문,국가명_한글,도시명_영문
홍콩 국제공항 ,HKG,Hong Kong,홍콩,Hong Kong
막탄 국제공항,CEB,Philippines,필리핀,Lapu-Lapu
니노이 아퀴노 국제공항,MNL,Philippines,필리핀,Manila
나디 국제공항,NAN,Fiji,피지,Nadi
샤를드골 국제 공항,CDG,France,프랑스,Paris
루이즈 뮈노스 마랭 국제공항,SJU,Puerto Rico,푸에르토리코,San Juan
바르샤바 공항,WAW,Poland,폴란드,Warsaw
훌리아카 공항,JUL,Peru,페루,Juliaca
페샤와르 국제공항,PEW,Pakistan,파키스탄,Peshawar
토쿠먼 국제 공항 ,PTY,Panama,파나마,Panama City
크라운 포인트 국제공항,TAB,Trinidad And Tobago,트리니다드토바고,Tobago
튀니스 카르타쥐 국제공항,TUN,Tunisia,튀니지,Tunis
후아모투 국제공항,TBU,Tonga,통가,NukuAlofa
카이세리 얼카일렛 국제공항,ASR,Turkey,터키,Kayseri
수완나푸미 국제공항 ,BKK,Thailand,태국,Bangkok
치앙마이 국제공항,CNX,Thailand,태국,Chiang Mai
치앙라이 국제공항,CEI,Thailand,태국,Chiang Rai
푸케트 섬 국제공항,HKT,Thailand,태국,Phuket
킬리만자로 국제공항 ,JRO,Tanzania,탄자니아,Kilimanjaro
라르나카 /라나카 국제공항,LCA,Cyprus,키프러스,Larnaca
만사스 국제공항,FRU,Kyrgyzstan,키르기스스탄,Bishkek
하토 국제공항 ,CUR,Curacao,퀴라소,Curagao
라로통가 국제공항,RAR,Cook Islands,쿡 군도,Rarotonga
쿠웨이트 국제공항,KWI,Kuwait,쿠웨이트,Kuwait
호세 마르티 국제공항,HAV,Cuba,쿠바,Havana
호세 마리아 코르도바 국제공항,MDE,Colombia,콜롬비아,Medellin
코코스 킬링 아일랜드 국제공항,CCK,Cocos (keeling) Island,코코스제도,West Island
후안 산타마리아 국제공항,SJO,Costa Rica,코스타리카,San Jose
프리스티나 국제공항 아뎀 자샤리,PRN,Kosovo,코소보,Vrelle/Lipjan
캘거리 국제공항,YYC,Canada,캐나다,Calgary AB
핼리팩스 로버트 스탠필드 국제공항,YHZ,Canada,캐나다,Halifax NS
런던 국제공항,YXU,Canada,캐나다,London ON
피어슨 국제공항,YYZ,Canada,캐나다,Toronto ON
밴쿠버 국제공항,YVR,Canada,캐나다,Vancouver BC
에릭 닐슨 화이트호스 국제공항,YXY,Canada,캐나다,Whitehorse YT
위니펙 제임스 암스트롱 리챠슨 국제공항,YWG,Canada,캐나다,Winnipeg MB
앙코르 국제공항,REP,Cambodia,캄보디아,Siem Reap
시하눅빌 국제 공항,KOS,Cambodia,캄보디아,Sihanouk Ville
도하 국제공항,DOH,Qatar,카타르,Doha
아스타나 국제공항,TSE,Kazakhstan,카자흐스탄,Astana
두알라 국제공항,DLA,Cameroon,카메룬,Douala
마타버리 국제공항,IPC,Chile,칠레,Easter Island
카를로비바리 국제공항,KLV,Czech Republic,체코 공화국,Karlovy Vary
조슈아 쿠브쿠 코모 국제공항,BUQ,Zimbabwe,짐바브웨,Bulawayo
하라레 국제공항,HRE,Zimbabwe,짐바브웨,Harare
방기 음포코 국제공항,BGF,Central African Republic,중앙아프리카공화국,Bangui
충칭 지엥바이 국제공항,CKG,China,중국,Chongqing
다롄 쩌우쉬이지 국제공항,DLC,China,중국,Dalian
Erenhot Saiwusu 국제 공항,ERL,China,중국,Erlianhaote
구이린 리엥쟝 국제공항,KWL,China,중국,Guilin
하이커우 메일런 국제공항,HAK,China,중국,Haikou
항저우 지오샨 국제공항,HGH,China,중국,Hangzhou
푸동 국제공항,PVG,China,중국,Shanghai
하얼빈 타이팽 국제공항,HRB,China,중국,Harbin
트빌리시 국제공항 ,TBS,Georgia,조지아,Tbilisi
루사카 국제공항,LUN,Zambia,잠비아,Lusaka
상스터 국제공항,MBJ,Jamaica,자메이카,Montego Bay
히로시마 국제공항,HIJ,Japan,일본,Hiroshima
주부 센트에어 국제공항 ,NGO,Japan,일본,Nagoya
간사이 국제공항,KIX,Japan,일본,Osaka
동경국제공항 ,HND,Japan,일본,Tokyo
세펭간 국제공항,BPN,Indonesia,인도네시아,Balikpapan
소엑카르노 하타 국제공항,CGK,Indonesia,인도네시아,Jakarta
삼 라투라기 국제공항,MDC,Indonesia,인도네시아,Manado
쿠알라룸푸 국제 공항,KNO,Indonesia,인도네시아,Medan
미낭카바우 국제공항,PDG,Indonesia,인도네시아,Padang
아디 수마르모 국제공항,SOC,Indonesia,인도네시아,Surakarta
사다르 발랍하이 파텔 국제공항 ,AMD,India,인도,Ahmedabad
벵갈루루 국제공항,BLR,India,인도,Bangalore
칼리컷 국제공항 ,CCJ,India,인도,Calicut
코친 국제공항,COK,India,인도,Cochin
라지브간디 국제공항 ,HYD,India,인도,Hyderabad
데비 아힐야바이 홀카 국제공항 ,IDR,India,인도,Indore
칸누르 국제공항,CNN,India,인도,Kannur
첸나이 국제공항,MAA,India,인도,Madras
채해트라피티 시버지 국제공항,BOM,India,인도,Mumbai
암베드카 국제공항 ,NAG,India,인도,Nagpur
인디라 간디 국제공항,DEL,India,인도,New Delhi
트리반드럼 국제공항,TRV,India,인도,Trivandrum
빌라노바 알벵가 국제공항 ,ALL,Italy,이탈리아,Albenga
바리 카롤 워틸랴 국제공항 ,BRI,Italy,이탈리아,Bari
나폴리 국제공항,NAP,Italy,이탈리아,Naples
우브르조 국제공항 ,PSR,Italy,이탈리아,Pescara
투린 국제공항 국제공항,TRN,Italy,이탈리아,Turin
마르코 폴로 국제공항,VCE,Italy,이탈리아,Venice
아스완국제공항,ASW,Egypt,이집트,Aswan
카이로 국제공항,CAI,Egypt,이집트,Cairo
Al Alamain 국제 공항,DBB,Egypt,이집트,El Dabaa
허가다 국제공항,HRG,Egypt,이집트,Hurghada
오피라 국제공항,SSH,Egypt,이집트,Sharm El Sheikh
Sohag 국제공항,HMB,Egypt,이집트,Sohag
타바 국제공항,TCP,Egypt,이집트,Taba
반다르압바스 국제공항,BND,Iran,이란,Bandar Abbas
이스파한 국제공항 ,IFN,Iran,이란,Isfahan
라르스탄 국제공항,LRR,Iran,이란,Larestan
마슈하드 국제공항 ,MHD,Iran,이란,Mashhad
쉬라즈 국제공항 ,SYZ,Iran,이란,Shiraz
타브리즈 국제공항,TBZ,Iran,이란,Tabriz
아맘 호메이티 국제공항,IKA,Iran,이란,Tehran
자히단 국제공항,ZAH,Iran,이란,Zahedan
에르빌 국제공항,EBL,Iraq,이라크,Erbil
하이파 국제공항 ,HFA,Israel,웨스트뱅크,Haifa
반구리온 국제공항,TLV,Israel,웨스트뱅크,Tel-Aviv
드네프로페트로브스크 국제공항,DNK,Ukraine,우크라이나,Dnepropetrovsk
카르키브 오스노바 국제공항,HRK,Ukraine,우크라이나,Kharkiv
헤르손 국제 공항,KHE,Ukraine,우크라이나,Kherson
폴 타바 국제 공항,PLV,Ukraine,우크라이나,Poltava
Havryshivka Vinnytsia 국제 공항,VIN,Ukraine,우크라이나,Vinnytsia
나보이 국제공항,NVI,Uzbekistan,우즈베키스탄,Navoiy
타슈켄트 국제 공항,TAS,Uzbekistan,우즈베키스탄,Tashkent
캡튼 코르베타 CA 쿠르벨로 국제공항,PDP,Uruguay,우루과이,Punta del Este
엔테베 / 캄팔라 국제공항,EBB,Uganda,우간다,Entebbe
퀸 알리아 국제공항,AMM,Jordan,요르단,Amman
골로슨 국제공항 ,LCE,Honduras,온두라스,La Ceiba
후안 마누엘 갈베즈 국제공항,RTB,Honduras,온두라스,Roatan
비엔나 국제공항,VIE,Austria,오스트리아,Vienna
애들레이드 국제공항,ADL,Australia,오스트레일리아,Adelaide
브리즈번 국제공항,BNE,Australia,오스트레일리아,Brisbane
브룸 국제공항,BME,Australia,오스트레일리아,Broome
케언스 국제공항,CNS,Australia,오스트레일리아,Cairns
캔버라 국제공항,CBR,Australia,오스트레일리아,Canberra
다윈 국제공항,DRW,Australia,오스트레일리아,Darwin
호바트 국제공항,HBA,Australia,오스트레일리아,Hobart
퍼스 국제공항,PER,Australia,오스트레일리아,Perth
포트헤드랜드 국제공항,PHE,Australia,오스트레일리아,Port Hedland
타운스빌 국제공항,TSV,Australia,오스트레일리아,Townsville
시이브 국제공항,MCT,Oman,오만,Muscat
벨파스트 국제공항,BFS,United Kingdom,영국,Belfast
버밍햄 국제공항,BHX,United Kingdom,영국,Birmingham
본머스 국제공항,BOH,United Kingdom,영국,Bournemouth
브리스틀 국제공항,BRS,United Kingdom,영국,Bristol
카디프 국제공항,CWL,United Kingdom,영국,Cardiff
엑서터 국제공항,EXT,United Kingdom,영국,Exeter
글래스고 국제공항,GLA,United Kingdom,영국,Glasgow
리즈 브랫포드 국제공항,LBA,United Kingdom,영국,Leeds
리드 국제공항,LYX,United Kingdom,영국,Lydd
맨체스터 국제공항,MAN,United Kingdom,영국,Manchester
뉴캐슬 국제공항,NCL,United Kingdom,영국,Newcastle
노리치 국제공항,NWI,United Kingdom,영국,Norwich
사우샘프턴 국제공항,SOU,United Kingdom,영국,Southampton
코말라파 국제공항 ,SAL,El Salvador,엘살바드로,San Salvador
시몬 볼리바 국제공항,GYE,Ecuador,에콰도르,Guayaquil
Cotopaxi 국제공항,LTX,Ecuador,에콰도르,Latacunga
엘로이 알파로 국제공항,MEC,Ecuador,에콰도르,Manta
마리스칼 수쿠레 국제공항,UIO,Ecuador,에콰도르,Quito
아스마라 국제공항,ASM,Eritrea,에리트레아,Asmara
하이다르 알리예프 국제 공항,GYD,Azerbaijan,아제르바이잔,Baku
코크 국제공항,ORK,Ireland,아일랜드,Cork
더블린 국제공항,DUB,Ireland,아일랜드,Dublin
케이플라비크 국제공항,KEF,Iceland,아이슬란드,Keflavik
Comandante Armando Tola 국제 공항,FTE,Argentina,아르헨티나,El Calafate
카타라타스 국제공항 ,IGR,Argentina,아르헨티나,Iguazu
아스토 피아졸라 국제공항 ,MDQ,Argentina,아르헨티나,Mar Del Plata
레시스텐시아 국제공항,RES,Argentina,아르헨티나,Resistencia
산카를로스데바릴로체 국제공항,BRC,Argentina,아르헨티나,San Carlos De Bariloche
산페르난도 국제공항,FDO,Argentina,아르헨티나,San Fernando
타트 제네랄 벤쟈민 마티엔조 국제공항,TUC,Argentina,아르헨티나,Tucuman
쉬락 국제공항,LWN,Armenia,아르메니아,Gyumri
즈바노츠 국제공항 ,EVN,Armenia,아르메니아,Yerevan
프린세스 훌리아나 국제공항,SXM,Sint Maarten (Dutch Part) ,신트마르턴,Sint Maarten
런자이 국제공항,FNA,Sierra Leone,시에라리온,Freetown
알메리아 국제공항,LEI,Spain,스페인,Almerta
바라하스 국제공항,MAD,Spain,스페인,Madrid
산티아고 공항,SCQ,Spain,스페인,Santiago
그라나다 공항,GRX,Spain,스페인,Granada
바르셀로나 국제공항,BCN,Spain,스페인,Barcelona
비고 피내이더 국제공항,VGO,Spain,스페인,Vigo
제네바 국제공항 ,GVA,Switzerland,스위스,Geneva
취리히 국제공항,ZRH,Switzerland,스위스,Zurich
밴다라나이크 국제공항,CMB,Sri Lanka,스리랑카,Colombo
잰더리지 국제공항 ,PBM,Suriname,수리남,Paramaribo
세이셸 국제공항,SEZ,Seychelles,세이셸,Victoria
벨그라드 국제공항,BEG,Serbia and Montenegro,세르비아,Belgrade
블레즈 디아뉴 국제공항,DSS,Senegal,세네갈,Diass
살라자르국제공항,TMS,Sao Tome and Principe,상투메프린시페,Sao Tome
킹 파야드 국제공항,DMM,Saudi Arabia,사우디아라비아,Dammam
킹 압둘아지즈 국제공항,JED,Saudi Arabia,사우디아라비아,Jeddah
킹 칼리드 국제공항,RUH,Saudi Arabia,사우디아라비아,Riyadh
탄크레도 니브스 국제공항 ,CNF,Brazil,브라질,Belo Horizonte
브라질리아 국제공항,BSB,Brazil,브라질,Brasilia
플라시드드카스트로 국제공항,RBR,Brazil,브라질,Rio Branco
리우데자네이루 국제공항 ,GIG,Brazil,브라질,Rio De Janeiro
과룰하스 국제공항,GRU,Brazil,브라질,Sao Paulo
바르나 국제공항,VAR,Bulgaria,불가리아,Varna
로타 국제공항,ROP,Northern Mariana Islands,북마리아나제도,Rota
사이판 섬 국제공항,SPN,Northern Mariana Islands,북마리아나제도,Saipan
티니안 국제공항,TIQ,Northern Mariana Islands,북마리아나제도,Tinian
부줌부라 국제공항,BJM,Burundi,부룬디,Bujumbura
비루 비루 국제공항,VVI,Bolivia,볼리비아,Santa Cruz
서 서츠 카마 국제공항,GBE,Botswana,보츠와나,Gaborone
바냐루카 국제공항,BNX,Bosnia and Herzegovina,보스니아 헤르체고비나,Banja Luka
모스타르 국제공항,OMO,Bosnia and Herzegovina,보스니아 헤르체고비나,Mostar
투즐라 국제공항,TZL,Bosnia and Herzegovina,보스니아 헤르체고비나,Tuzla
민스크 2 국제공항,MSQ,Belarus,벨로루시,Minsk
앤트워프 국제공항 ,ANR,Belgium,벨기에,Antwerp
오스텐 브루즈 국제공항,OST,Belgium,벨기에,Ostend
다낭 국제공항,DAD,Viet Nam,베트남,Da Nang
시몬 볼리바 국제공항 ,CCS,Venezuela,베네수엘라,Caracas
엘에프 웨이드 국제공항 ,BDA,Bermuda,버뮤다제도,Bermuda
바레인 국제공항,BAH,Bahamas,바하마,Bahrain
나사우 국제공항,NAS,Bahamas,바하마,Nassau
그랜틀리 아담스 국제공항,BGI,Barbados,바베이도스,Bridgetown
올버니 국제공항,ALB,United States,미국,Albany NY
알렉산드리아 국제공항,AEX,United States,미국,Alexandria LA
리하이 밸리 국제공항,ABE,United States,미국,Allentown PA
테드 스티븐스 국제공항 ,ANC,United States,미국,Anchorage AK
하츠필드 잭슨 애틀랜타 국제공항,ATL,United States,미국,Atlanta GA
애틀랜틱시티 국제공항,ACY,United States,미국,Atlantic City NJ
오스틴 벅스트롬 국제공항,AUS,United States,미국,Austin TX
볼티모어 워싱턴 국제공항 ,BWI,United States,미국,Baltimore MD
뱅거 국제공항,BGR,United States,미국,Bangor ME
벨링헴 국제공항,BLI,United States,미국,Bellingham WA
빌링스 로건 국제공항,BIL,United States,미국,Billings MT
버밍햄 셔틀워스 국제공항,BHM,United States,미국,Birmingham AL
로건 국제공항,BOS,United States,미국,Boston MA
브라운스빌 사우스 파드레 아일랜드 국제공항,BRO,United States,미국,Brownsville TX
버펄로 나이아가라 국제공항,BUF,United States,미국,Buffalo NY
벌링턴 국제공항,BTV,United States,미국,Burlington VT
내트로나 카운티 국제공항,CPR,United States,미국,Casper WY
찰스턴 국제공항 ,CHS,United States,미국,Charleston SC
샬럿 더글라스 국제공항,CLT,United States,미국,Charlotte NC
오헤어 국제공항,ORD,United States,미국,Chicago IL
신시내티 노던 켄터키 국제공항,CVG,United States,미국,Cincinnati OH
클리블랜드 홉킨스 국제공항,CLE,United States,미국,Cleveland OH
포트 콜럼버스 국제공항,CMH,United States,미국,Columbus OH
코퍼스크리스티 국제공항,CRP,United States,미국,Corpus Christi TX
달라스 포츠워스 국제공항,DFW,United States,미국,Dallas/Fort Worth TX
제임스 M. 콕스 국제공항,DAY,United States,미국,Dayton OH
데이토너비치 국제공항,DAB,United States,미국,Daytona Beach FL
덴버 국제공항 ,DEN,United States,미국,Denver CO
디모인 국제공항,DSM,United States,미국,Des Moines IA
엘패소 국제공항,ELP,United States,미국,El Paso TX
페어뱅크스 국제공항,FAI,United States,미국,Fairbanks AK
포트 로더데일 할리우드 국제공항,FLL,United States,미국,Fort Lauderdale FL
포트웨인 국제공항,FWA,United States,미국,Fort Wayne IN
프레즈노 요세미티 국제공항,FAT,United States,미국,Fresno CA
게리 시카고 국제공항,GYY,United States,미국,Gary IN
그랜드포크스 국제공항,GFK,United States,미국,Grand Forks ND
제랄드 R. 포드 국제공항,GRR,United States,미국,Grand Rapids MI
피드몬트 트라이얏 국제공항,GSO,United States,미국,Greensboro NC
걸포트 빌록시 국제공항,GPT,United States,미국,Gulfport MS
해리스버그 국제공항,MDT,United States,미국,Harrisburg PA
브래들리 국제공항,BDL,United States,미국,Hartford CT
힐로 국제공항,ITO,United States,미국,Hilo HI
호놀룰루 국제공항,HNL,United States,미국,Honolulu HI
헌츠빌 국제공항,HSV,United States,미국,Huntsville AL
인디애나폴리스 국제공항,IND,United States,미국,Indianapolis IN
잭슨 에버스 국제공항,JAN,United States,미국,Jackson MS
잭슨빌 국제공항,JAX,United States,미국,Jacksonville FL
코나 국제공항 ,KOA,United States,미국,Kailua-Kona HI
글래셔 파크 국제공항,FCA,United States,미국,Kalispell MT
캔자스시티 국제공항,MCI,United States,미국,Kansas City MO
맥커란 국제공항,LAS,United States,미국,Las Vegas NV
로스앤젤레스 국제공항,LAX,United States,미국,Los Angeles CA
로그 밸리 국제공항,MFR,United States,미국,Medford OR
멜버른 국제공항,MLB,United States,미국,Melbourne FL
멤피스 국제공항,MEM,United States,미국,Memphis TN
마이애미 국제공항,MIA,United States,미국,Miami FL
제너랄 미첼 국제공항,MKE,United States,미국,Milwaukee WI
미니애폴리스 세인트폴 국제공항,MSP,United States,미국,Minneapolis MN
머틀 비치 국제 공항,MYR ,United States,미국,Myrtle Beach SC
내슈빌 국제공항,BNA,United States,미국,Nashville TN
루이 암스트롱 국제공항 ,MSY,United States,미국,New Orleans LA
존 F. 케네디 국제공항,JFK,United States,미국,New York NY
뉴왁 리버티 국제공항,EWR,United States,미국,Newark NJ
뉴포트 뉴스 / 윌리암스버그 국제공항,PHF,United States,미국,Newport News VA
노퍽 국제공항,ORF,United States,미국,Norfolk VA
오클랜드 국제공항,OAK,United States,미국,Oakland CA
온타리오 국제공항,ONT,United States,미국,Ontario CA
올랜도 국제공항,MCO,United States,미국,Orlando FL
팜스프링스 국제공항,PSP,United States,미국,Palm Springs CA
노스웨스트 플로리다 해변 국제 공항,ECP,United States,미국,Panama City FL
필라델피아 국제공항,PHL,United States,미국,Philadelphia PA
피닉스 스카이하버 국제공항,PHX,United States,미국,Phoenix AZ
피츠버그 국제공항,PIT,United States,미국,Pittsburgh PA
포틀랜드 국제공항,PDX,United States,미국,Portland OR
롤리 더럼 국제공항,RDU,United States,미국,Raleigh-Durham NC
리노 타호 국제공항,RNO,United States,미국,Reno NV
리치먼드 국제공항,RIC,United States,미국,Richmond VA
그레이터 로체스터 국제공항,ROC,United States,미국,Rochester NY
새크라멘토 국제공항,SMF,United States,미국,Sacramento CA
솔트레이크 시티 국제공항,SLC,United States,미국,Salt Lake City UT
샌안토니오 국제공항,SAT,United States,미국,San Antonio TX
샌디에이고 국제공항 ,SAN,United States,미국,San Diego CA
산프란시스코 국제공항,SFO,United States,미국,San Francisco CA
노먼 Y. 미네타 산 호세 국제공항,SJC,United States,미국,San Jose CA
샌포드 국제공항,SFB,United States,미국,Sanford FL
새러소타 브레이든턴 국제공항,SRQ,United States,미국,Sarasota FL
시애틀 타코마 국제공항,SEA,United States,미국,Seattle WA
스포캔 국제공항,GEG,United States,미국,Spokane WA
램버트 세인트루이스 국제공항,STL,United States,미국,St Louis MO
세인트 피터스버그 국제공항,PIE,United States,미국,St Petersburg FL
핸콕 국제공항,SYR,United States,미국,Syracuse NY
탬파 국제공항,TPA,United States,미국,Tampa FL
투손 국제공항,TUS,United States,미국,Tucson AZ
털사 국제 공항,TUL ,United States,미국,Tulsa OK
워싱턴 덜레스 국제공항,IAD,United States,미국,Washington DC
팜비치 국제공항,PBI,United States,미국,West Palm Beach FL
월밍턴 국제공항,ILM,United States,미국,Wilmington NC
유마 국제공항 ,YUM,United States,미국,Yuma AZ
칭지스 칸 국제공항,ULN,Mongolia,몽고,Ulaanbaatar
말타국제공항 ,MLA,Malta,몰타,Malta
메일 국제공항,MLE,Maldives,몰디브,Male
키시나우 국제공항,KIV,Moldova,몰도바,Chisinau
마푸토 국제공항,MPM,Mozambique,모잠비크,Maputo
서 씨우사구 람굴람 국제공항,MRU,Mauritius,모리셔스,Plaine Magnien
나도르 국제공항,NDR,Morocco,모로코,Nador
알바레즈 국제공항 ,ACA,Mexico,멕시코,Acapulco
릭 지저스 테란 페러두 국제공항,AGU,Mexico,멕시코,Aguascalientes
캄페체 국제공항,CPE,Mexico,멕시코,Campeche
캔쿤 국제공항,CUN,Mexico,멕시코,Cancun
체투말 국제공항,CTM,Mexico,멕시코,Chetumal
퀴다드델카르멘 국제공항,CME,Mexico,멕시코,Ciudad Del Carmen
시우다드 후아레스 국제공항 ,CJS,Mexico,멕시코,Ciudad Juarez
치우다드오브레곤 국제공항 ,CEN,Mexico,멕시코,Ciudad Obregon
코즈멜 국제공항,CZM,Mexico,멕시코,Cozumel
버하이 데 후아츌코 국제공항,HUX,Mexico,멕시코,Huatulco
페데랄 델 발 델 푸어트 국제공항,LMM,Mexico,멕시코,Los Mochis
플라야 데 오로 국제공항,ZLO,Mexico,멕시코,Manzanillo
제너랄 세르반도 캐널즈 국제공항,MAM,Mexico,멕시코,Matamoros
제너랄 로볼포 산체트 타보다 국제공항,MXL,Mexico,멕시코,Mexicali
베니토 후아레즈 국제공항 ,MEX,Mexico,멕시코,Mexico City
제너널 프란치스코 J. 뮤지카 국제공항,MLM,Mexico,멕시코,Morelia
노갈레스 국제공항,NOG,Mexico,멕시코,Nogales
케첼코울 국제공항,NLD,Mexico,멕시코,Nuevo Laredo
Palenque 국제공항,PQM,Mexico,멕시코,Palenque
푸에르토에스칸디도 국제공항,PXM,Mexico,멕시코,Puerto Escondido
폰시아노 아리아가 국제공항,SLP,Mexico,멕시코,San Luis Potosi
타파출라 국제공항,TAP,Mexico,멕시코,Tapachula
티후아나 국제공항 ,TIJ,Mexico,멕시코,Tijuana
프란시스 사라비아 국제공항 ,TRC,Mexico,멕시코,Torreon
앙헬알비노코르조 국제공항,TGZ,Mexico,멕시코,Tuxtla Gutierrez
지오아타네호 국제공항,ZIH,Mexico,멕시코,Zihuatanejo
술탄 이스마일 국제공항,JHB,Malaysia,말레이시아,Johor Bahru
코타키나발루 국제공항,BKI,Malaysia,말레이시아,Kota Kinabalu
콸라룸푸르 국제공항,KUL,Malaysia,말레이시아,Kuala Lumpur
쿠칭 국제공항,KCH,Malaysia,말레이시아,Kuching
페낭 국제공항,PEN,Malaysia,말레이시아,Penang
타와무 국제공항,TWU,Malaysia,말레이시아,Tawau
릴롱궤 국제공항,LLW,Malawi,말라위,Lilongwe
마카오 국제공항,MFM,Macao,마카오,Macau
난창 국제공항,KHN,Macao,마카오,Nanchang
난징 루쿠 국제공항,NKG,Macao,마카오,Nanjing
난닝 웍슈 국제공항,NNG,Macao,마카오,Nanning
닝보 리쉬 국제공항,NGB,Macao,마카오,Ningbo
칭다오 리아우팅 국제공항,TAO,Macao,마카오,Qing Dao
산야 피닉스 국제공항 ,SYX,Macao,마카오,Sanya
선양 타오시안 국제공항,SHE,Macao,마카오,Shenyang City
쉔젠 바오안 국제공항,SZX,Macao,마카오,Shenzhen
톈진 빈하이 국제공항,TSN,Macao,마카오,Tianjin
우루무치 디와푸 국제공항,URC,Macao,마카오,Urumchi
완주우 차오 국제공항,WXN,Macao,마카오,Wanxian
원저우 국제공항,WNZ,Macao,마카오,Wenzhou
샤먼 가오츠 국제공항,XMN,Macao,마카오,Xiamen
옌청 남양 국제 공항,YNZ,Macao,마카오,Yancheng
정저우 신젱 국제공항,CGO,Macao,마카오,Zhengzhou
주하이 국제공항,ZUH,Macao,마카오,Zhuhai City
아바토 국제공항,TNR,Madagascar,마다가스카르,Antananarivo
카우나스 국제공항,KUN,Lithuania,리투아니아,Kaunas
팔랑가 국제공항,PLQ,Lithuania,리투아니아,Palanga
시아울리에 국제공항,SQQ,Lithuania,리투아니아,Siauliai
빌니우스 국제공항,VNO,Lithuania,리투아니아,Vilnius
키갈리 국제공항 ,KGL,Rwanda,르완다,Kigali
뤽상부르 국제공항 ,LUX,Luxembourg,룩셈부르크,Luxembourg
아라드 국제공항,ARW,Romania,루마니아,Arad
바커우 국제공항,BCM,Romania,루마니아,Bacau
부쿠레슈티 아우렐 블래쿠 국제공항 ,BBU,Romania,루마니아,Bucharest
부쿠레슈티 헨리 코언다 국제공항 ,OTP,Romania,루마니아,Bucharest
콘스탄짜 미하일 코갈니쵸누 국제공항,CND,Romania,루마니아,Constanta
이아시 국제공항,IAS,Romania,루마니아,Iasi
오라데아 국제공항,OMR,Romania,루마니아,Oradea
사투마레 국제공항,SUJ,Romania,루마니아,Satu Mare
시비우 국제공항,SBZ,Romania,루마니아,Sibiu
티구루 무레슈 국제공항,TGM,Romania,루마니아,Targu Mures
티미쇼아라 트라이언 부이아 국제공항,TSR,Romania,루마니아,Timisoara
모슈슈 국제공항,MSU,Lesotho,레소토,Maseru
베이루트 국제공항 ,BEY,Lebanon,레바논,Beirut
콜트소보 국제공항 ,SVX,Russia,러시아,Ekaterinburg
이르쿠츠크 국제공항,IKT,Russia,러시아,Irkutsk
세레메티에포 국제공항,SVO,Russia,러시아,Moscow
아들라 소치 국제공항,AER,Russia,러시아,Sochi
블라디보스토크 국제공항,VVO,Russia,러시아,Vladivostok
리가 국제공항,RIX,Latvia,라트비아,Riga
테겔 국제공항,TXL,Germany,독일,Berlin
프랑크푸르트 국제공항 ,FRA,Germany,독일,Frankfurt
하노버 랭젠히겐 국제공항,HAJ,Germany,독일,Hanover
먼스토 오스나브룩 국제공항,FMO,Germany,독일,Muenster
뮌헨 국제공항,MUC,Germany,독일,Munich
라로마나 국제공항,LRM,Dominican Republic,도미니카공화국,La Romana
푼타카나 국제공항,PUJ,Dominican Republic,도미니카공화국,Punta Cana
사마냐 엘카티 국제공항,AZS,Dominican Republic,도미니카공화국,Samana
라스 아메리카 국제공항 ,SDQ,Dominican Republic,도미니카공화국,Santo Domingo
김해 국제공항,PUS,Republic of Korea,대한민국,Busan
청주 국제공항,CJJ,Republic of Korea,대한민국,Cheongju
대구 국제공항,TAE,Republic of Korea,대한민국,Daegu
인천 국제공항,ICN,Republic of Korea,대한민국,Incheon
제주 국제공항,CJU,Republic of Korea,대한민국,Jeju
무안 국제공항,MWX,Republic of Korea,대한민국,Muan
김포 국제공항,GMP,Republic of Korea,대한민국,Seoul
양양 국제공항,YNY,Republic of Korea,대한민국,Yangyang
카오징 국제공항,KHH,Chinese Taipei,대만,Kaohsiung
타이완 타오유완 국제공항 ,TPE,Chinese Taipei,대만,Taipei
디오리 히머니 국제공항,NIM,Niger,니제르,Niamey
라 톤투타 국제공항,NOU,New Caledonia,뉴칼레도니아,Noumea
오클랜드 국제공항,AKL,New Zealand,뉴질랜드,Auckland
크라이스트처치 국제공항,CHC,New Zealand,뉴질랜드,Christchurch
두네딘 국제공항,DUD,New Zealand,뉴질랜드,Dunedin
웰링턴 국제공항,WLG,New Zealand,뉴질랜드,Wellington
플라밍고 국제공항 ,BON,Netherlands Antilles,네덜란드령 카리브,Kralendijk
블룸폰테인 국제공항,BFN,South Africa,남아프리카,Bloemfontein
케이프타운 국제공항,CPT,South Africa,남아프리카,Cape Town
킹샤카 국제공항,DUR,South Africa,남아프리카,Durban
OR 탐보 국제공항,JNB,South Africa,남아프리카,Johannesburg
쿠루거 음푸마랑가 국제공항,MQP,South Africa,남아프리카,Nelspruit
아부자 국제공항,ABV,Nigeria,나이지리아,Abuja
매그렛 익포 국제공항,CBQ,Nigeria,나이지리아,Calabar
아쿠누 이비암 국제공항,ENU,Nigeria,나이지리아,Enugu
일로린 국제공항,ILR,Nigeria,나이지리아,Ilorin
카두나 국제공항,KAD,Nigeria,나이지리아,Kaduna
말람 아미뉴 카노 국제공항,KAN,Nigeria,나이지리아,Kano
마이두구리 국제공항,MIU,Nigeria,나이지리아,Maiduguri
포트하커트 국제공항,PHC,Nigeria,나이지리아,Port Harcourt
다식 아브바카 더 서드 국제공항,SKO,Nigeria,나이지리아,Sokoto
호세아 쿠타코 국제공항,WDH,Namibia,나미비아,Windhoek
코나크리 국제공항,CKY,Guinea,기니,Conakry
엘레프테리오스 베니젤로스 국제공항,ATH,Greece,그리스,Athens
칼라마타 국제공항,KLX,Greece,그리스,Kalamata
카발라 국제공항 ,KVA,Greece,그리스,Kavala
케팔로니아 아일랜드 국제공항 ,EFL,Greece,그리스,Kefallinia
코르푸 국제공항 ,CFU,Greece,그리스,Kerkyra
히포크라테스 국제공항 ,KGS,Greece,그리스,Kos
레노스 국제공항,LXS,Greece,그리스,Limnos
미틸렌 국제공항 ,MJT,Greece,그리스,Mytilene
사모스 국제공항 ,SMI,Greece,그리스,Samos
테살로니키 국제공항 ,SKG,Greece,그리스,Thessaloniki
모리스 비숍 국제공항 ,GND,Grenada,그레나다,St Georges
안토니오 보르냐 원 팟 국제공항,GUM,Guam,괌,Hagatna
반줄 국제공항,BJL,Gambia,감비아,Banjul
체디 자간 국제공항 ,GEO,Guyana,가이아나,Georgetown
아부다비 국제공항,AUH,United Arab Emirates,UAE,Abu Dhabi
알아인 국제공항,AAN,United Arab Emirates,UAE,Al Ain
두바이 국제공항,DXB,United Arab Emirates,UAE,Dubai
알푸자이라 국제공항,FJR,United Arab Emirates,UAE,Fujairah
라스알카이마 국제공항,RKT,United Arab Emirates,UAE,Ral Al Khaimah
샤르자 /샤져 국제공항,SHJ,United Arab Emirates,UAE,Sharjah
